{"position": {"y": -0.28085392713546753, "x": -0.29297006130218506, "z": 0.0033502578735351562}, "quaternion": {"y": 0.0, "x": 0.0, "z": 0.0, "w": 1.0}}
{"position": {"y": -0.0068089962005615234, "x": -1.9785284996032715, "z": 0.0016427040100097656}, "quaternion": {"y": 0.0, "x": 0.0, "z": 0.0, "w": 1.0}}
